{"nNumDir":1,"aStObjDropResFrameTextureData":[{"nTi":0,"nX":0,"nY":0,"nW":59,"nH":74,"fPx":0.2711864411830902,"fPy":0.0810810774564743}]}