{"nNumDir":1,"aStObjDropResFrameTextureData":[{"nTi":0,"nX":0,"nY":0,"nW":101,"nH":116,"fPx":0.2970297038555145,"fPy":0.1465517282485962}]}