{"nNumDir":1,"aStObjDropResFrameTextureData":[{"nTi":0,"nX":0,"nY":0,"nW":29,"nH":17,"fPx":0.48275861144065859,"fPy":0.47058823704719546}]}