{"nNumDir":1,"aStObjDropResFrameTextureData":[{"nTi":0,"nX":0,"nY":0,"nW":15,"nH":15,"fPx":0.5333333611488342,"fPy":0.46666666865348818}]}