{"nNumDir":1,"aStObjDropResFrameTextureData":[{"nTi":0,"nX":0,"nY":0,"nW":39,"nH":43,"fPx":0.5897436141967773,"fPy":0.1860465109348297}]}