{"nNumDir":1,"aStObjDropResFrameTextureData":[{"nTi":0,"nX":0,"nY":0,"nW":22,"nH":17,"fPx":0.4545454680919647,"fPy":0.5882353186607361}]}