{"nNumDir":2,"aStObjDropResFrameTextureData":[{"nTi":0,"nX":0,"nY":36,"nW":32,"nH":33,"fPx":0.40625,"fPy":0.03030303120613098},{"nTi":0,"nX":0,"nY":0,"nW":32,"nH":34,"fPx":0.40625,"fPy":0.029411764815449716}]}