{"nNumDir":2,"aStObjDropResFrameTextureData":[{"nTi":0,"nX":132,"nY":0,"nW":113,"nH":180,"fPx":0.37168142199516299,"fPy":0.05000000074505806},{"nTi":0,"nX":0,"nY":0,"nW":130,"nH":184,"fPx":0.19230769574642182,"fPy":0.05978260934352875}]}