{"nNumDir":1,"aStObjDropResFrameTextureData":[{"nTi":0,"nX":0,"nY":0,"nW":59,"nH":77,"fPx":0.35593220591545107,"fPy":0.03896103799343109}]}