{"nNumDir":1,"aStObjDropResFrameTextureData":[{"nTi":0,"nX":0,"nY":0,"nW":38,"nH":38,"fPx":0.4736842215061188,"fPy":0.3947368562221527}]}