{"nNumDir":1,"aStObjDropResFrameTextureData":[{"nTi":0,"nX":0,"nY":0,"nW":39,"nH":43,"fPx":0.5384615659713745,"fPy":0.09302325546741486}]}