{"nNumDir":2,"aStObjDropResFrameTextureData":[{"nTi":0,"nX":63,"nY":0,"nW":60,"nH":53,"fPx":0.5,"fPy":0.03773584961891174},{"nTi":0,"nX":0,"nY":0,"nW":61,"nH":54,"fPx":0.4590163826942444,"fPy":0.018518518656492235}]}