{"nNumDir":2,"aStObjDropResFrameTextureData":[{"nTi":0,"nX":0,"nY":0,"nW":78,"nH":104,"fPx":0.24358974397182465,"fPy":0.11538461595773697},{"nTi":0,"nX":0,"nY":106,"nW":70,"nH":91,"fPx":0.5,"fPy":0.032967034727334979}]}