{"nNumDir":2,"aStObjDropResFrameTextureData":[{"nTi":0,"nX":0,"nY":99,"nW":70,"nH":84,"fPx":0.4714285731315613,"fPy":0.0595238097012043},{"nTi":0,"nX":0,"nY":0,"nW":81,"nH":97,"fPx":0.34567901492118838,"fPy":0.1340206116437912}]}