{"nNumDir":2,"aStObjDropResFrameTextureData":[{"nTi":0,"nX":0,"nY":130,"nW":128,"nH":158,"fPx":0.3984375,"fPy":0.2721518874168396},{"nTi":0,"nX":0,"nY":0,"nW":171,"nH":128,"fPx":0.38596490025520327,"fPy":0.109375}]}