{"nNumDir":1,"aStObjDropResFrameTextureData":[{"nTi":0,"nX":0,"nY":0,"nW":85,"nH":42,"fPx":0.5058823823928833,"fPy":0.5476190447807312}]}