{"nNumDir":2,"aStObjDropResFrameTextureData":[{"nTi":0,"nX":0,"nY":0,"nW":117,"nH":149,"fPx":0.43589743971824648,"fPy":0.21476510167121888},{"nTi":0,"nX":119,"nY":0,"nW":115,"nH":139,"fPx":0.426086962223053,"fPy":0.12230215966701508}]}