{"nNumDir":1,"aStObjDropResFrameTextureData":[{"nTi":0,"nX":0,"nY":0,"nW":22,"nH":15,"fPx":0.4545454680919647,"fPy":0.6000000238418579}]}