{"nNumDir":1,"aStObjDropResFrameTextureData":[{"nTi":0,"nX":0,"nY":0,"nW":22,"nH":21,"fPx":0.3181818127632141,"fPy":0.4761904776096344}]}