{"nNumDir":1,"aStObjDropResFrameTextureData":[{"nTi":0,"nX":0,"nY":0,"nW":65,"nH":57,"fPx":0.4923076927661896,"fPy":0.4035087823867798}]}